901,wilkoszfredericka@gmail.com
902,giorginamayze@gmail.com
903,miinadzubak@gmail.com
904,chandasaraiva@gmail.com
905,lavongsarmarcela@gmail.com
906,arnoldkeown139@gmail.com
907,tonitarevering@gmail.com
908,northliafdag@gmail.com
909,augerivanita@gmail.com
910,csizmadialiv153@gmail.com
911,kockminta@gmail.com
912,mariangelesvolstad@gmail.com
913,frasiercarson1@gmail.com
914,tomanhonore@gmail.com
915,wrightanian@gmail.com
916,bablakkarlotta@gmail.com
917,bazinhipolito@gmail.com
918,christiansennicodemo@gmail.com
919,harcourtgeorge155@gmail.com
920,palassidman@gmail.com
921,reuquengrayson@gmail.com
922,marusenkoadonai@gmail.com
923,wolfingrosaura@gmail.com
924,milagroduchene@gmail.com
925,vienssimon29@gmail.com
926,bosticmamerto@gmail.com
927,bumbacaillcapil@gmail.com
928,pressleydyonis@gmail.com
929,sellachappy@gmail.com
930,lbagwell647@gmail.com
931,loretamcburrough794@gmail.com
932,styalianosbessinger@gmail.com
933,freidapiasecki@gmail.com
934,mangledstarboard@gmail.com
935,chispidisla@gmail.com
936,vbartlettaillancourt@gmail.com
937,lacassagnetabitha@gmail.com
938,baltasarrico911@gmail.com
939,obermoelleramira@gmail.com
940,debrisaysolon@gmail.com
941,kidwellisabella93@gmail.com
942,cibranlarsen@gmail.com
943,seohaskins387@gmail.com
944,hamarkeshia@gmail.com
945,gercakrolande@gmail.com
946,kelpbernardina@gmail.com
947,pavlidesdavida@gmail.com
948,anetteslupe5@gmail.com
949,shetleramilcar@gmail.com
950,olowookereallaire@gmail.com
951,huamanperales066@gmail.com
952,andreasakaguchi90@gmail.com
953,kaitancharron@gmail.com
954,tomaszyckiarabella@gmail.com
955,cloridanwilkins@gmail.com
956,haastrinh@gmail.com
957,faustinagovostes@gmail.com
958,beznerglauco@gmail.com
959,kylejesper5@gmail.com
960,wilhalemibero@gmail.com
961,zenkerjanina091@gmail.com
962,robbinselse@gmail.com
963,marlagrum21@gmail.com
964,jozwiakeli@gmail.com
965,acevedobernabeu@gmail.com
966,gilarskigeraldina@gmail.com
967,hansurban066@gmail.com
968,quinnliborio@gmail.com
969,resenzuna@gmail.com
970,mikeimaging80@gmail.com
971,nelerasbury@gmail.com
972,liansurridge@gmail.com
973,newittlilian@gmail.com
974,dashorahortensio@gmail.com
975,goldthwaitphung@gmail.com
976,flinspachmercedez@gmail.com
977,aubineluinenburg@gmail.com
978,dienhartdacia@gmail.com
979,zacfuoco@gmail.com
980,isabellamiolen@gmail.com
981,wynnmassimo@gmail.com
982,nelidawhooper@gmail.com
983,feldbergkyle@gmail.com
984,pilhornjordi@gmail.com
985,nunilaeisenhauer@gmail.com
986,antolinmims561@gmail.com
987,adlerbran@gmail.com
988,kenyattaquezada@gmail.com
989,bonnerrainero@gmail.com
990,danablondell5@gmail.com
991,barujalmanza@gmail.com
992,kenishanichell@gmail.com
993,winchestershauna@gmail.com
994,weshedstrom@gmail.com
995,jorgehowells82@gmail.com
996,suttlechp@gmail.com
997,schrodernabucodonosor@gmail.com
998,priscilaeppich@gmail.com
999,halleyschuyleman@gmail.com
1000,tourikisrebecca@gmail.com